ID,title,author_ID,createdAt,createdBy,modifiedAt,modifiedBy
23578027-a130-4e99-a9fc-10c6c169111f,title-23578027,16027964-e3ff-43c5-9bf3-2b982199a00e,2003-02-08T23:00:00.000Z,createdBy.e1cx7@example.org,2007-09-29T23:00:00.000Z,modifiedBy.e1cx7@example.org
23578028-966b-4f1d-a8af-8f721d1ee686,title-23578028,16027964-e3ff-43c5-9bf3-2b982199a00e,2013-08-07T23:00:00.000Z,createdBy.e1cx8@example.net,2022-02-25T23:00:00.000Z,modifiedBy.e1cx8@example.org
23578029-e9fa-49ec-9b00-79c3d52236d7,title-23578029,16027964-e3ff-43c5-9bf3-2b982199a00e,2022-04-28T23:00:00.000Z,createdBy.e1cx9@example.com,2018-10-30T23:00:00.000Z,modifiedBy.e1cx9@example.com
23578030-f22e-4611-a0a4-8109c6796271,title-23578030,16027964-e3ff-43c5-9bf3-2b982199a00e,2008-07-19T23:00:00.000Z,createdBy.e1cxa@example.com,2023-04-14T23:00:00.000Z,modifiedBy.e1cxa@example.com
23578031-63ef-4114-a4e9-97aff380b78c,title-23578031,16027964-e3ff-43c5-9bf3-2b982199a00e,2001-03-11T23:00:00.000Z,createdBy.e1cxb@example.com,2001-11-06T23:00:00.000Z,modifiedBy.e1cxb@example.org
23578032-45b5-432e-8705-6c859860d174,title-23578032,16027964-e3ff-43c5-9bf3-2b982199a00e,2016-06-29T23:00:00.000Z,createdBy.e1cxc@example.org,2002-10-21T23:00:00.000Z,modifiedBy.e1cxc@example.org
23578033-ff1e-477e-90c9-5809f8d5bade,title-23578033,16027964-e3ff-43c5-9bf3-2b982199a00e,2010-05-01T23:00:00.000Z,createdBy.e1cxd@example.com,2006-03-16T23:00:00.000Z,modifiedBy.e1cxd@example.net
23578034-46c4-4519-9555-523885a16432,title-23578034,16027964-e3ff-43c5-9bf3-2b982199a00e,2013-03-23T23:00:00.000Z,createdBy.e1cxe@example.net,2012-03-25T23:00:00.000Z,modifiedBy.e1cxe@example.com
23578035-da2f-4b2e-9dc8-d65eb26e8a20,title-23578035,16027964-e3ff-43c5-9bf3-2b982199a00e,2014-08-29T23:00:00.000Z,createdBy.e1cxf@example.net,2018-12-20T23:00:00.000Z,modifiedBy.e1cxf@example.com
23578036-35e1-4b8f-95ef-ee74ce5b3ac7,title-23578036,16027964-e3ff-43c5-9bf3-2b982199a00e,2001-11-24T23:00:00.000Z,createdBy.e1cxg@example.org,2005-01-03T23:00:00.000Z,modifiedBy.e1cxg@example.com
23578037-b2cf-4cc0-b319-0811725a797a,title-23578037,16027964-e3ff-43c5-9bf3-2b982199a00e,2022-10-05T23:00:00.000Z,createdBy.e1cxh@example.org,2007-01-24T23:00:00.000Z,modifiedBy.e1cxh@example.net
23578038-4177-41cb-99ce-2870819e16b7,title-23578038,16027964-e3ff-43c5-9bf3-2b982199a00e,2019-12-21T23:00:00.000Z,createdBy.e1cxi@example.com,2008-02-12T23:00:00.000Z,modifiedBy.e1cxi@example.org
23578039-5330-4ebe-80e5-9bb13a2cd132,title-23578039,16027964-e3ff-43c5-9bf3-2b982199a00e,2023-01-21T23:00:00.000Z,createdBy.e1cxj@example.net,2008-01-18T23:00:00.000Z,modifiedBy.e1cxj@example.org
23578040-6522-436b-ae1f-7cb6254b5889,title-23578040,16027964-e3ff-43c5-9bf3-2b982199a00e,2000-03-21T23:00:00.000Z,createdBy.e1cxk@example.org,2021-07-18T23:00:00.000Z,modifiedBy.e1cxk@example.org
23578041-0e05-432f-bc8d-5f91609e9bd8,title-23578041,16027964-e3ff-43c5-9bf3-2b982199a00e,2023-09-06T23:00:00.000Z,createdBy.e1cxl@example.org,2000-12-21T23:00:00.000Z,modifiedBy.e1cxl@example.com